Type,Name,Request Count,Failure Count,Median Response Time,Average Response Time,Min Response Time,Max Response Time,Average Content Size,Requests/s,Failures/s,50%,66%,75%,80%,90%,95%,98%,99%,99.9%,99.99%,100%
POST,/api/users,11675,0,410.0,558.4256955294828,308.89519990887493,20139.09509999212,83.89695931477516,39.8206121827649,0.0,410,480,600,710,1000,1300,1600,1800,2500,4700,20000
DELETE,/api/users/2,11852,0,410.0,555.4673493672879,306.6700000781566,20075.535999960266,0.0,40.424316538769126,0.0,410,480,600,700,1000,1300,1600,1800,2500,3800,20000
GET,/api/users/2,11682,0,84,227.59217912131678,14.545799931511283,2941.5542000206187,280.0,39.844487496279186,0.0,84,160,270,370,690,940,1300,1400,2100,2300,2900
PUT,/api/users/2,11880,0,410.0,554.2953842503382,308.04839998017997,3784.548799972981,80.0,40.51981779282629,0.0,410,480,600,720,1000,1300,1600,1800,2500,3800,3800
,Aggregated,47089,0,380.0,474.5647608018218,14.545799931511283,20139.09509999212,110.44738686317399,160.60923401063948,0.0,380,450,540,640,950,1200,1600,1700,2500,3800,20000
